{
  "variables": {
      "PACKER_OS_FLAVOUR": "ubuntu",
      "PACKER_BOX_NAME": "ubuntu-14.04.4-server-amd64",
      "AWS_ACCESS_KEY_ID": "{{env `AWS_ACCESS_KEY_ID`}}",
      "AWS_SECRET_ACCESS_KEY": "{{env `AWS_SECRET_ACCESS_KEY`}}",
      "DIGITALOCEAN_API_TOKEN": "{{env `DIGITALOCEAN_API_TOKEN`}}"
  },
  "builders": [
      {
        "type": "virtualbox-iso",
        "boot_command": [
          "<esc><wait>",
          "<esc><wait>",
          "<enter><wait>",
          "/install/vmlinuz<wait>",
          " auto<wait>",
          " console-setup/ask_detect=false<wait>",
          " console-setup/layoutcode=us<wait>",
          " console-setup/modelcode=pc105<wait>",
          " debconf/frontend=noninteractive<wait>",
          " debian-installer=en_US<wait>",
          " fb=false<wait>",
          " initrd=/install/initrd.gz<wait>",
          " kbd-chooser/method=us<wait>",
          " keyboard-configuration/layout=USA<wait>",
          " keyboard-configuration/variant=USA<wait>",
          " locale=en_US<wait>",
          " netcfg/get_domain=vm<wait>",
          " netcfg/get_hostname=vagrant<wait>",
          " noapic<wait>",
          " preseed/url=http://{{ .HTTPIP }}:{{ .HTTPPort }}/preseed.cfg<wait>",
          " -- <wait>",
          "<enter><wait>"
        ],
        "boot_wait": "10s",
        "headless": false,
        "disk_size": 10140,
        "guest_additions_path": "VBoxGuestAdditions_{{.Version}}.iso",
        "guest_os_type": "Ubuntu_64",
        "http_directory": "http",
        "iso_checksum": "07e4bb5569814eab41fafac882ba127893e3ff0bdb7ec931c9b2d040e3e94e7a",
        "iso_checksum_type": "sha256",
        "iso_url": "http://releases.ubuntu.com/trusty/{{ user `PACKER_BOX_NAME` }}.iso",
        "shutdown_command": "echo 'vagrant'|sudo -S shutdown -P now",
        "ssh_password": "vagrant",
        "ssh_port": 22,
        "ssh_username": "vagrant",
        "ssh_wait_timeout": "10000s",
        "type": "virtualbox-iso",
        "vm_name": "control-{{ user `PACKER_BOX_NAME` }}",
        "vboxmanage": [
          ["modifyvm", "{{.Name}}", "--memory", "1024"],
          ["modifyvm", "{{.Name}}", "--cpus", "2"]
        ],
        "virtualbox_version_file": ".vbox_version"
      },
      {
        "type": "amazon-ebs",
        "access_key": "{{ user `AWS_ACCESS_KEY_ID` }}",
        "secret_key": "{{ user `AWS_SECRET_ACCESS_KEY` }}",
        "region": "us-east-1",
        "source_ami": "ami-10b68a78",
        "instance_type": "t1.micro",
        "ssh_username": "ubuntu",
        "ami_name": "control-{{ user `PACKER_BOX_NAME` }}-{{timestamp}}"
      },
      {
        "type": "googlecompute",
        "account_file": "account.json",
        "project_id": "devops-intro-project",
        "source_image": "ubuntu-1404-trusty-v20150316",
        "zone": "us-central1-a",
        "image_name": "control-ubuntu-1404-{{timestamp}}",
        "machine_type": "n1-standard-1",
        "ssh_username": "ubuntu"
      },
      {
      "type": "digitalocean",
      "api_token": "{{ user `DIGITALOCEAN_API_TOKEN` }}",
      "image": "ubuntu-14-04-x64",
      "region": "tor1",
      "size": "512mb",
      "droplet_name": "udacity-devops",
      "private_networking": true
    }
  ],
  "provisioners": [
    {
      "type": "shell",
      "execute_command": "echo 'vagrant'|sudo -S -E bash '{{.Path}}'",
      "scripts": [
        "scripts/update.sh"
      ]
    },
    {
    "type": "shell",
    "only": ["virtualbox-iso"],
    "execute_command": "echo 'vagrant'|sudo -S -E bash '{{.Path}}'",
    "scripts": [
    "scripts/virtualbox.sh",
    "scripts/vagrant.sh"
    ]
    },
    {
      "type": "file",
      "source": "../jenkins-config",
      "destination": "/tmp"
    },
    {
      "type": "shell",
      "execute_command": "echo 'vagrant'|sudo -S -E bash '{{.Path}}'",
      "scripts": [
        "scripts/jenkins.sh",
        "scripts/graphite.sh",
        "scripts/nginx.sh",
        "scripts/cleanup.sh"
      ]
    }
  ],
  "post-processors": [
    [
      {
        "type": "vagrant",
        "except": ["googlecompute", "digitalocean"],
        "compression_level": "9",
        "output": "../output/{{.Provider}}/control-{{ user `PACKER_BOX_NAME` }}.box"
      }
    ]
  ]
}
